<?xml version="1.0" encoding="UTF-8"?>
<routes xmlns:xsi="http://www.w3.org/2001/XMLSchema-instance" xsi:noNamespaceSchemaLocation="http://sumo.dlr.de/xsd/routes_file.xsd">
    <vType id="DEFAULT_VEHTYPE"/>
    <vType id="passenger" vClass="passenger"/>
    <vType id="bus" vClass="bus"/>
    <vType id="truck" vClass="truck"/>

    <!-- Converted trips to time-based flows (event pattern - higher peaks) -->
    <!-- Routes from -E9 -->
    <flow id="r_E9_E13_early_morning" type="passenger" begin="0" end="3600" from="-E9" to="E13" via="E8 E8.59" vehsPerHour="36"/>
    <flow id="r_E9_E13_morning_peak" type="passenger" begin="3600" end="7200" from="-E9" to="E13" via="E8 E8.59" vehsPerHour="90"/>
    <flow id="r_E9_E13_midday" type="passenger" begin="7200" end="10800" from="-E9" to="E13" via="E8 E8.59" vehsPerHour="162"/>
    <flow id="r_E9_E13_afternoon" type="passenger" begin="10800" end="14400" from="-E9" to="E13" via="E8 E8.59" vehsPerHour="135"/>
    <flow id="r_E9_E13_evening_peak" type="passenger" begin="14400" end="18000" from="-E9" to="E13" via="E8 E8.59" vehsPerHour="180"/>
    <flow id="r_E9_E13_night" type="passenger" begin="18000" end="21600" from="-E9" to="E13" via="E8 E8.59" vehsPerHour="54"/>

    <flow id="r_E9_E6_early_morning" type="passenger" begin="0" end="3600" from="-E9" to="E6" via="E8 E0 E0.55 E5" vehsPerHour="32"/>
    <flow id="r_E9_E6_morning_peak" type="passenger" begin="3600" end="7200" from="-E9" to="E6" via="E8 E0 E0.55 E5" vehsPerHour="80"/>
    <flow id="r_E9_E6_midday" type="passenger" begin="7200" end="10800" from="-E9" to="E6" via="E8 E0 E0.55 E5" vehsPerHour="144"/>
    <flow id="r_E9_E6_afternoon" type="passenger" begin="10800" end="14400" from="-E9" to="E6" via="E8 E0 E0.55 E5" vehsPerHour="120"/>
    <flow id="r_E9_E6_evening_peak" type="passenger" begin="14400" end="18000" from="-E9" to="E6" via="E8 E0 E0.55 E5" vehsPerHour="160"/>
    <flow id="r_E9_E6_night" type="passenger" begin="18000" end="21600" from="-E9" to="E6" via="E8 E0 E0.55 E5" vehsPerHour="48"/>

    <flow id="r_E9_E24_early_morning" type="passenger" begin="0" end="3600" from="-E9" to="E24" via="E8 E0 E0.55 E16" vehsPerHour="40"/>
    <flow id="r_E9_E24_morning_peak" type="passenger" begin="3600" end="7200" from="-E9" to="E24" via="E8 E0 E0.55 E16" vehsPerHour="100"/>
    <flow id="r_E9_E24_midday" type="passenger" begin="7200" end="10800" from="-E9" to="E24" via="E8 E0 E0.55 E16" vehsPerHour="180"/>
    <flow id="r_E9_E24_afternoon" type="passenger" begin="10800" end="14400" from="-E9" to="E24" via="E8 E0 E0.55 E16" vehsPerHour="150"/>
    <flow id="r_E9_E24_evening_peak" type="passenger" begin="14400" end="18000" from="-E9" to="E24" via="E8 E0 E0.55 E16" vehsPerHour="200"/>
    <flow id="r_E9_E24_night" type="passenger" begin="18000" end="21600" from="-E9" to="E24" via="E8 E0 E0.55 E16" vehsPerHour="60"/>

    <flow id="r_E9_E21_early_morning" type="passenger" begin="0" end="3600" from="-E9" to="E21" via="E17 E19 E20" vehsPerHour="44"/>
    <flow id="r_E9_E21_morning_peak" type="passenger" begin="3600" end="7200" from="-E9" to="E21" via="E17 E19 E20" vehsPerHour="110"/>
    <flow id="r_E9_E21_midday" type="passenger" begin="7200" end="10800" from="-E9" to="E21" via="E17 E19 E20" vehsPerHour="198"/>
    <flow id="r_E9_E21_afternoon" type="passenger" begin="10800" end="14400" from="-E9" to="E21" via="E17 E19 E20" vehsPerHour="165"/>
    <flow id="r_E9_E21_evening_peak" type="passenger" begin="14400" end="18000" from="-E9" to="E21" via="E17 E19 E20" vehsPerHour="220"/>
    <flow id="r_E9_E21_night" type="passenger" begin="18000" end="21600" from="-E9" to="E21" via="E17 E19 E20" vehsPerHour="66"/>

    <flow id="r_E9_E12_early_morning" type="passenger" begin="0" end="3600" from="-E9" to="E12" via="E8 E8.59" vehsPerHour="34"/>
    <flow id="r_E9_E12_morning_peak" type="passenger" begin="3600" end="7200" from="-E9" to="E12" via="E8 E8.59" vehsPerHour="85"/>
    <flow id="r_E9_E12_midday" type="passenger" begin="7200" end="10800" from="-E9" to="E12" via="E8 E8.59" vehsPerHour="153"/>
    <flow id="r_E9_E12_afternoon" type="passenger" begin="10800" end="14400" from="-E9" to="E12" via="E8 E8.59" vehsPerHour="128"/>
    <flow id="r_E9_E12_evening_peak" type="passenger" begin="14400" end="18000" from="-E9" to="E12" via="E8 E8.59" vehsPerHour="170"/>
    <flow id="r_E9_E12_night" type="passenger" begin="18000" end="21600" from="-E9" to="E12" via="E8 E8.59" vehsPerHour="51"/>

    <flow id="r_E9_E10_early_morning" type="passenger" begin="0" end="3600" from="-E9" to="E10" vehsPerHour="30"/>
    <flow id="r_E9_E10_morning_peak" type="passenger" begin="3600" end="7200" from="-E9" to="E10" vehsPerHour="75"/>
    <flow id="r_E9_E10_midday" type="passenger" begin="7200" end="10800" from="-E9" to="E10" vehsPerHour="135"/>
    <flow id="r_E9_E10_afternoon" type="passenger" begin="10800" end="14400" from="-E9" to="E10" vehsPerHour="113"/>
    <flow id="r_E9_E10_evening_peak" type="passenger" begin="14400" end="18000" from="-E9" to="E10" vehsPerHour="150"/>
    <flow id="r_E9_E10_night" type="passenger" begin="18000" end="21600" from="-E9" to="E10" vehsPerHour="45"/>

    <!-- Routes from -E10 -->
    <flow id="r_E10_E9_early_morning" type="passenger" begin="0" end="3600" from="-E10" to="E9" vehsPerHour="38"/>
    <flow id="r_E10_E9_morning_peak" type="passenger" begin="3600" end="7200" from="-E10" to="E9" vehsPerHour="95"/>
    <flow id="r_E10_E9_midday" type="passenger" begin="7200" end="10800" from="-E10" to="E9" vehsPerHour="171"/>
    <flow id="r_E10_E9_afternoon" type="passenger" begin="10800" end="14400" from="-E10" to="E9" vehsPerHour="143"/>
    <flow id="r_E10_E9_evening_peak" type="passenger" begin="14400" end="18000" from="-E10" to="E9" vehsPerHour="190"/>
    <flow id="r_E10_E9_night" type="passenger" begin="18000" end="21600" from="-E10" to="E9" vehsPerHour="57"/>

    <flow id="r_E10_E6_early_morning" type="passenger" begin="0" end="3600" from="-E10" to="E6" via="E17 E18 E4" vehsPerHour="28"/>
    <flow id="r_E10_E6_morning_peak" type="passenger" begin="3600" end="7200" from="-E10" to="E6" via="E17 E18 E4" vehsPerHour="70"/>
    <flow id="r_E10_E6_midday" type="passenger" begin="7200" end="10800" from="-E10" to="E6" via="E17 E18 E4" vehsPerHour="126"/>
    <flow id="r_E10_E6_afternoon" type="passenger" begin="10800" end="14400" from="-E10" to="E6" via="E17 E18 E4" vehsPerHour="105"/>
    <flow id="r_E10_E6_evening_peak" type="passenger" begin="14400" end="18000" from="-E10" to="E6" via="E17 E18 E4" vehsPerHour="140"/>
    <flow id="r_E10_E6_night" type="passenger" begin="18000" end="21600" from="-E10" to="E6" via="E17 E18 E4" vehsPerHour="42"/>

    <flow id="r_E10_E13_early_morning" type="passenger" begin="0" end="3600" from="-E10" to="E13" via="E8 E8.59" vehsPerHour="32"/>
    <flow id="r_E10_E13_morning_peak" type="passenger" begin="3600" end="7200" from="-E10" to="E13" via="E8 E8.59" vehsPerHour="80"/>
    <flow id="r_E10_E13_midday" type="passenger" begin="7200" end="10800" from="-E10" to="E13" via="E8 E8.59" vehsPerHour="144"/>
    <flow id="r_E10_E13_afternoon" type="passenger" begin="10800" end="14400" from="-E10" to="E13" via="E8 E8.59" vehsPerHour="120"/>
    <flow id="r_E10_E13_evening_peak" type="passenger" begin="14400" end="18000" from="-E10" to="E13" via="E8 E8.59" vehsPerHour="160"/>
    <flow id="r_E10_E13_night" type="passenger" begin="18000" end="21600" from="-E10" to="E13" via="E8 E8.59" vehsPerHour="48"/>

    <flow id="r_E10_E24_early_morning" type="passenger" begin="0" end="3600" from="-E10" to="E24" via="E8 E0 E0.55 E16" vehsPerHour="35"/>
    <flow id="r_E10_E24_morning_peak" type="passenger" begin="3600" end="7200" from="-E10" to="E24" via="E8 E0 E0.55 E16" vehsPerHour="88"/>
    <flow id="r_E10_E24_midday" type="passenger" begin="7200" end="10800" from="-E10" to="E24" via="E8 E0 E0.55 E16" vehsPerHour="158"/>
    <flow id="r_E10_E24_afternoon" type="passenger" begin="10800" end="14400" from="-E10" to="E24" via="E8 E0 E0.55 E16" vehsPerHour="132"/>
    <flow id="r_E10_E24_evening_peak" type="passenger" begin="14400" end="18000" from="-E10" to="E24" via="E8 E0 E0.55 E16" vehsPerHour="176"/>
    <flow id="r_E10_E24_night" type="passenger" begin="18000" end="21600" from="-E10" to="E24" via="E8 E0 E0.55 E16" vehsPerHour="53"/>

    <flow id="r_E10_E21_early_morning" type="passenger" begin="0" end="3600" from="-E10" to="E21" via="E17 E19 E20" vehsPerHour="37"/>
    <flow id="r_E10_E21_morning_peak" type="passenger" begin="3600" end="7200" from="-E10" to="E21" via="E17 E19 E20" vehsPerHour="93"/>
    <flow id="r_E10_E21_midday" type="passenger" begin="7200" end="10800" from="-E10" to="E21" via="E17 E19 E20" vehsPerHour="167"/>
    <flow id="r_E10_E21_afternoon" type="passenger" begin="10800" end="14400" from="-E10" to="E21" via="E17 E19 E20" vehsPerHour="139"/>
    <flow id="r_E10_E21_evening_peak" type="passenger" begin="14400" end="18000" from="-E10" to="E21" via="E17 E19 E20" vehsPerHour="185"/>
    <flow id="r_E10_E21_night" type="passenger" begin="18000" end="21600" from="-E10" to="E21" via="E17 E19 E20" vehsPerHour="55"/>

    <!-- Routes from -E6 -->
    <flow id="r_E6_E21_early_morning" type="passenger" begin="0" end="3600" from="-E6" to="E21" via="-E5 -E0.55 E20" vehsPerHour="42"/>
    <flow id="r_E6_E21_morning_peak" type="passenger" begin="3600" end="7200" from="-E6" to="E21" via="-E5 -E0.55 E20" vehsPerHour="105"/>
    <flow id="r_E6_E21_midday" type="passenger" begin="7200" end="10800" from="-E6" to="E21" via="-E5 -E0.55 E20" vehsPerHour="189"/>
    <flow id="r_E6_E21_afternoon" type="passenger" begin="10800" end="14400" from="-E6" to="E21" via="-E5 -E0.55 E20" vehsPerHour="158"/>
    <flow id="r_E6_E21_evening_peak" type="passenger" begin="14400" end="18000" from="-E6" to="E21" via="-E5 -E0.55 E20" vehsPerHour="210"/>
    <flow id="r_E6_E21_night" type="passenger" begin="18000" end="21600" from="-E6" to="E21" via="-E5 -E0.55 E20" vehsPerHour="63"/>

    <flow id="r_E6_E10_early_morning" type="passenger" begin="0" end="3600" from="-E6" to="E10" via="-E4 -E18 -E17" vehsPerHour="29"/>
    <flow id="r_E6_E10_morning_peak" type="passenger" begin="3600" end="7200" from="-E6" to="E10" via="-E4 -E18 -E17" vehsPerHour="73"/>
    <flow id="r_E6_E10_midday" type="passenger" begin="7200" end="10800" from="-E6" to="E10" via="-E4 -E18 -E17" vehsPerHour="131"/>
    <flow id="r_E6_E10_afternoon" type="passenger" begin="10800" end="14400" from="-E6" to="E10" via="-E4 -E18 -E17" vehsPerHour="109"/>
    <flow id="r_E6_E10_evening_peak" type="passenger" begin="14400" end="18000" from="-E6" to="E10" via="-E4 -E18 -E17" vehsPerHour="145"/>
    <flow id="r_E6_E10_night" type="passenger" begin="18000" end="21600" from="-E6" to="E10" via="-E4 -E18 -E17" vehsPerHour="44"/>

    <flow id="r_E6_E11_early_morning" type="passenger" begin="0" end="3600" from="-E6" to="E11" via="-E5 -E0.55 -E0" vehsPerHour="38"/>
    <flow id="r_E6_E11_morning_peak" type="passenger" begin="3600" end="7200" from="-E6" to="E11" via="-E5 -E0.55 -E0" vehsPerHour="95"/>
    <flow id="r_E6_E11_midday" type="passenger" begin="7200" end="10800" from="-E6" to="E11" via="-E5 -E0.55 -E0" vehsPerHour="171"/>
    <flow id="r_E6_E11_afternoon" type="passenger" begin="10800" end="14400" from="-E6" to="E11" via="-E5 -E0.55 -E0" vehsPerHour="143"/>
    <flow id="r_E6_E11_evening_peak" type="passenger" begin="14400" end="18000" from="-E6" to="E11" via="-E5 -E0.55 -E0" vehsPerHour="190"/>
    <flow id="r_E6_E11_night" type="passenger" begin="18000" end="21600" from="-E6" to="E11" via="-E5 -E0.55 -E0" vehsPerHour="57"/>

    <flow id="r_E6_E15_early_morning" type="passenger" begin="0" end="3600" from="-E6" to="E15" via="-E4" vehsPerHour="34"/>
    <flow id="r_E6_E15_morning_peak" type="passenger" begin="3600" end="7200" from="-E6" to="E15" via="-E4" vehsPerHour="85"/>
    <flow id="r_E6_E15_midday" type="passenger" begin="7200" end="10800" from="-E6" to="E15" via="-E4" vehsPerHour="153"/>
    <flow id="r_E6_E15_afternoon" type="passenger" begin="10800" end="14400" from="-E6" to="E15" via="-E4" vehsPerHour="128"/>
    <flow id="r_E6_E15_evening_peak" type="passenger" begin="14400" end="18000" from="-E6" to="E15" via="-E4" vehsPerHour="170"/>
    <flow id="r_E6_E15_night" type="passenger" begin="18000" end="21600" from="-E6" to="E15" via="-E4" vehsPerHour="51"/>

    <flow id="b_1_early_morning" begin="0.00" from="-E15" to="E24" via="E4 -E5 E16" end="3600.00" vehsPerHour="6" type="bus"/>
    <flow id="b_1_morning_peak" begin="3600.00" from="-E15" to="E24" via="E4 -E5 E16" end="7200.00" vehsPerHour="17" type="bus"/>
    <flow id="b_1_midday" begin="7200.00" from="-E15" to="E24" via="E4 -E5 E16" end="10800.00" vehsPerHour="30" type="bus"/>
    <flow id="b_1_afternoon" begin="10800.00" from="-E15" to="E24" via="E4 -E5 E16" end="14400.00" vehsPerHour="25" type="bus"/>
    <flow id="b_1_evening_peak" begin="14400.00" from="-E15" to="E24" via="E4 -E5 E16" end="18000.00" vehsPerHour="34" type="bus"/>
    <flow id="b_1_night" begin="18000.00" from="-E15" to="E24" via="E4 -E5 E16" end="21600.00" vehsPerHour="10" type="bus"/>

    <flow id="b_2_early_morning" begin="0.00" from="-E15" to="E21" via="-E18 E19 E20" end="3600.00" vehsPerHour="6" type="bus"/>
    <flow id="b_2_morning_peak" begin="3600.00" from="-E15" to="E21" via="-E18 E19 E20" end="7200.00" vehsPerHour="17" type="bus"/>
    <flow id="b_2_midday" begin="7200.00" from="-E15" to="E21" via="-E18 E19 E20" end="10800.00" vehsPerHour="30" type="bus"/>
    <flow id="b_2_afternoon" begin="10800.00" from="-E15" to="E21" via="-E18 E19 E20" end="14400.00" vehsPerHour="25" type="bus"/>
    <flow id="b_2_evening_peak" begin="14400.00" from="-E15" to="E21" via="-E18 E19 E20" end="18000.00" vehsPerHour="34" type="bus"/>
    <flow id="b_2_night" begin="18000.00" from="-E15" to="E21" via="-E18 E19 E20" end="21600.00" vehsPerHour="10" type="bus"/>

    <flow id="f_0_early_morning" begin="0.00" from="-E15" to="E24" via="E4 -E5 E16" end="3600.00" vehsPerHour="111" type="passenger"/>
    <flow id="f_0_morning_peak" begin="3600.00" from="-E15" to="E24" via="E4 -E5 E16" end="7200.00" vehsPerHour="278" type="passenger"/>
    <flow id="f_0_midday" begin="7200.00" from="-E15" to="E24" via="E4 -E5 E16" end="10800.00" vehsPerHour="500" type="passenger"/>
    <flow id="f_0_afternoon" begin="10800.00" from="-E15" to="E24" via="E4 -E5 E16" end="14400.00" vehsPerHour="417" type="passenger"/>
    <flow id="f_0_evening_peak" begin="14400.00" from="-E15" to="E24" via="E4 -E5 E16" end="18000.00" vehsPerHour="556" type="passenger"/>
    <flow id="f_0_night" begin="18000.00" from="-E15" to="E24" via="E4 -E5 E16" end="21600.00" vehsPerHour="166" type="passenger"/>

    <flow id="f_1_early_morning" begin="0.00" from="-E15" to="E21" via="-E18 E19 E20" end="3600.00" vehsPerHour="105" type="passenger"/>
    <flow id="f_1_morning_peak" begin="3600.00" from="-E15" to="E21" via="-E18 E19 E20" end="7200.00" vehsPerHour="263" type="passenger"/>
    <flow id="f_1_midday" begin="7200.00" from="-E15" to="E21" via="-E18 E19 E20" end="10800.00" vehsPerHour="473" type="passenger"/>
    <flow id="f_1_afternoon" begin="10800.00" from="-E15" to="E21" via="-E18 E19 E20" end="14400.00" vehsPerHour="394" type="passenger"/>
    <flow id="f_1_evening_peak" begin="14400.00" from="-E15" to="E21" via="-E18 E19 E20" end="18000.00" vehsPerHour="526" type="passenger"/>
    <flow id="f_1_night" begin="18000.00" from="-E15" to="E21" via="-E18 E19 E20" end="21600.00" vehsPerHour="157" type="passenger"/>

    <flow id="f_16_early_morning" begin="0.00" from="-E11" to="E21" end="3600.00" vehsPerHour="71" type="passenger"/>
    <flow id="f_16_morning_peak" begin="3600.00" from="-E11" to="E21" end="7200.00" vehsPerHour="178" type="passenger"/>
    <flow id="f_16_midday" begin="7200.00" from="-E11" to="E21" end="10800.00" vehsPerHour="320" type="passenger"/>
    <flow id="f_16_afternoon" begin="10800.00" from="-E11" to="E21" end="14400.00" vehsPerHour="267" type="passenger"/>
    <flow id="f_16_evening_peak" begin="14400.00" from="-E11" to="E21" end="18000.00" vehsPerHour="356" type="passenger"/>
    <flow id="f_16_night" begin="18000.00" from="-E11" to="E21" end="21600.00" vehsPerHour="106" type="passenger"/>

    <flow id="f_17_early_morning" begin="0.00" from="-E12" to="E15" end="3600.00" vehsPerHour="76" type="passenger"/>
    <flow id="f_17_morning_peak" begin="3600.00" from="-E12" to="E15" end="7200.00" vehsPerHour="191" type="passenger"/>
    <flow id="f_17_midday" begin="7200.00" from="-E12" to="E15" end="10800.00" vehsPerHour="343" type="passenger"/>
    <flow id="f_17_afternoon" begin="10800.00" from="-E12" to="E15" end="14400.00" vehsPerHour="286" type="passenger"/>
    <flow id="f_17_evening_peak" begin="14400.00" from="-E12" to="E15" end="18000.00" vehsPerHour="382" type="passenger"/>
    <flow id="f_17_night" begin="18000.00" from="-E12" to="E15" end="21600.00" vehsPerHour="114" type="passenger"/>

    <flow id="f_19_early_morning" begin="0.00" from="-E13" to="E9" end="3600.00" vehsPerHour="64" type="passenger"/>
    <flow id="f_19_morning_peak" begin="3600.00" from="-E13" to="E9" end="7200.00" vehsPerHour="161" type="passenger"/>
    <flow id="f_19_midday" begin="7200.00" from="-E13" to="E9" end="10800.00" vehsPerHour="289" type="passenger"/>
    <flow id="f_19_afternoon" begin="10800.00" from="-E13" to="E9" end="14400.00" vehsPerHour="241" type="passenger"/>
    <flow id="f_19_evening_peak" begin="14400.00" from="-E13" to="E9" end="18000.00" vehsPerHour="322" type="passenger"/>
    <flow id="f_19_night" begin="18000.00" from="-E13" to="E9" end="21600.00" vehsPerHour="96" type="passenger"/>

    <flow id="f_2_early_morning" begin="0.00" from="-E15" to="E10" via="-E18 -E17" end="3600.00" vehsPerHour="98" type="passenger"/>
    <flow id="f_2_morning_peak" begin="3600.00" from="-E15" to="E10" via="-E18 -E17" end="7200.00" vehsPerHour="246" type="passenger"/>
    <flow id="f_2_midday" begin="7200.00" from="-E15" to="E10" via="-E18 -E17" end="10800.00" vehsPerHour="442" type="passenger"/>
    <flow id="f_2_afternoon" begin="10800.00" from="-E15" to="E10" via="-E18 -E17" end="14400.00" vehsPerHour="369" type="passenger"/>
    <flow id="f_2_evening_peak" begin="14400.00" from="-E15" to="E10" via="-E18 -E17" end="18000.00" vehsPerHour="492" type="passenger"/>
    <flow id="f_2_night" begin="18000.00" from="-E15" to="E10" via="-E18 -E17" end="21600.00" vehsPerHour="147" type="passenger"/>

    <flow id="f_20_early_morning" begin="0.00" from="-E13" to="E15" end="3600.00" vehsPerHour="82" type="passenger"/>
    <flow id="f_20_morning_peak" begin="3600.00" from="-E13" to="E15" end="7200.00" vehsPerHour="206" type="passenger"/>
    <flow id="f_20_midday" begin="7200.00" from="-E13" to="E15" end="10800.00" vehsPerHour="370" type="passenger"/>
    <flow id="f_20_afternoon" begin="10800.00" from="-E13" to="E15" end="14400.00" vehsPerHour="309" type="passenger"/>
    <flow id="f_20_evening_peak" begin="14400.00" from="-E13" to="E15" end="18000.00" vehsPerHour="412" type="passenger"/>
    <flow id="f_20_night" begin="18000.00" from="-E13" to="E15" end="21600.00" vehsPerHour="123" type="passenger"/>

    <flow id="f_21_early_morning" begin="0.00" from="-E24" to="E12" via="-E23" end="3600.00" vehsPerHour="73" type="passenger"/>
    <flow id="f_21_morning_peak" begin="3600.00" from="-E24" to="E12" via="-E23" end="7200.00" vehsPerHour="184" type="passenger"/>
    <flow id="f_21_midday" begin="7200.00" from="-E24" to="E12" via="-E23" end="10800.00" vehsPerHour="331" type="passenger"/>
    <flow id="f_21_afternoon" begin="10800.00" from="-E24" to="E12" via="-E23" end="14400.00" vehsPerHour="276" type="passenger"/>
    <flow id="f_21_evening_peak" begin="14400.00" from="-E24" to="E12" via="-E23" end="18000.00" vehsPerHour="368" type="passenger"/>
    <flow id="f_21_night" begin="18000.00" from="-E24" to="E12" via="-E23" end="21600.00" vehsPerHour="110" type="passenger"/>

    <flow id="f_22_early_morning" begin="0.00" from="-E24" to="E15" end="3600.00" vehsPerHour="79" type="passenger"/>
    <flow id="f_22_morning_peak" begin="3600.00" from="-E24" to="E15" end="7200.00" vehsPerHour="199" type="passenger"/>
    <flow id="f_22_midday" begin="7200.00" from="-E24" to="E15" end="10800.00" vehsPerHour="358" type="passenger"/>
    <flow id="f_22_afternoon" begin="10800.00" from="-E24" to="E15" end="14400.00" vehsPerHour="298" type="passenger"/>
    <flow id="f_22_evening_peak" begin="14400.00" from="-E24" to="E15" end="18000.00" vehsPerHour="398" type="passenger"/>
    <flow id="f_22_night" begin="18000.00" from="-E24" to="E15" end="21600.00" vehsPerHour="119" type="passenger"/>

    <flow id="f_23_early_morning" begin="0.00" from="-E21" to="E15" end="3600.00" vehsPerHour="86" type="passenger"/>
    <flow id="f_23_morning_peak" begin="3600.00" from="-E21" to="E15" end="7200.00" vehsPerHour="215" type="passenger"/>
    <flow id="f_23_midday" begin="7200.00" from="-E21" to="E15" end="10800.00" vehsPerHour="387" type="passenger"/>
    <flow id="f_23_afternoon" begin="10800.00" from="-E21" to="E15" end="14400.00" vehsPerHour="322" type="passenger"/>
    <flow id="f_23_evening_peak" begin="14400.00" from="-E21" to="E15" end="18000.00" vehsPerHour="430" type="passenger"/>
    <flow id="f_23_night" begin="18000.00" from="-E21" to="E15" end="21600.00" vehsPerHour="129" type="passenger"/>

    <flow id="f_24_early_morning" begin="0.00" from="-E21" to="E10" end="3600.00" vehsPerHour="70" type="passenger"/>
    <flow id="f_24_morning_peak" begin="3600.00" from="-E21" to="E10" end="7200.00" vehsPerHour="175" type="passenger"/>
    <flow id="f_24_midday" begin="7200.00" from="-E21" to="E10" end="10800.00" vehsPerHour="315" type="passenger"/>
    <flow id="f_24_afternoon" begin="10800.00" from="-E21" to="E10" end="14400.00" vehsPerHour="262" type="passenger"/>
    <flow id="f_24_evening_peak" begin="14400.00" from="-E21" to="E10" end="18000.00" vehsPerHour="350" type="passenger"/>
    <flow id="f_24_night" begin="18000.00" from="-E21" to="E10" end="21600.00" vehsPerHour="105" type="passenger"/>
    <flow id="t_1_early_morning" begin="0.00" from="-E15" to="E10" via="-E18 -E17" end="3600.00" vehsPerHour="5" type="truck"/>
    <flow id="t_1_morning_peak" begin="3600.00" from="-E15" to="E10" via="-E18 -E17" end="7200.00" vehsPerHour="14" type="truck"/>
    <flow id="t_1_midday" begin="7200.00" from="-E15" to="E10" via="-E18 -E17" end="10800.00" vehsPerHour="25" type="truck"/>
    <flow id="t_1_afternoon" begin="10800.00" from="-E15" to="E10" via="-E18 -E17" end="14400.00" vehsPerHour="21" type="truck"/>
    <flow id="t_1_evening_peak" begin="14400.00" from="-E15" to="E10" via="-E18 -E17" end="18000.00" vehsPerHour="28" type="truck"/>
    <flow id="t_1_night" begin="18000.00" from="-E15" to="E10" via="-E18 -E17" end="21600.00" vehsPerHour="8" type="truck"/>
</routes>